<?xml version="1.0" encoding="UTF-8"?>
<project-private xmlns="http://www.netbeans.org/ns/project-private/1">
    <editor-bookmarks xmlns="http://www.netbeans.org/ns/editor-bookmarks/2" lastBookmarkId="0"/>
    <open-files xmlns="http://www.netbeans.org/ns/projectui-open-files/2">
        <group>
            <file>file:/C:/Users/luizk/Desktop/trabpoo/trabalho_poo1/src/crud/TableCadastro.java</file>
            <file>file:/C:/Users/luizk/Desktop/trabpoo/trabalho_poo1/src/crud/TableFuncionario.java</file>
            <file>file:/C:/Users/luizk/Desktop/trabpoo/trabalho_poo1/src/view/JanelaPrincipal.java</file>
            <file>file:/C:/Users/luizk/Desktop/trabpoo/trabalho_poo1/src/view/JanelaCadCondutor.java</file>
            <file>file:/C:/Users/luizk/Desktop/trabpoo/trabalho_poo1/src/crud/TableCondutor.java</file>
            <file>file:/C:/Users/luizk/Desktop/trabpoo/trabalho_poo1/src/view/JanelaCadFuncionario.java</file>
        </group>
    </open-files>
</project-private>
